{
  "grouped_by_resume": {
    "auc_mean": 0.9877410468319558,
    "auc_std": 0.011050422791682191,
    "acc_mean": 0.9590909090909092,
    "f1_mean": 0.959732664995823,
    "threshold_mean": 0.38
  },
  "grouped_by_jd": {
    "auc_mean": 0.9852453219770293,
    "auc_std": 0.021305614790728674,
    "acc_mean": 0.9606060606060606,
    "f1_mean": 0.9636831147583701,
    "threshold_mean": 0.45
  },
  "final_threshold": 0.49999999999999994
}